item,date,price,volume
Snakebite Case,2021-05-03,13.131,3343
Snakebite Case,2021-05-04,7.6,88924
Snakebite Case,2021-05-05,5.31,66458
Snakebite Case,2021-05-06,4.506,58019
Snakebite Case,2021-05-07,3.809,60564
Snakebite Case,2021-05-08,3.472,61851
Snakebite Case,2021-05-09,3.015,61051
Snakebite Case,2021-05-10,2.731,57838
Snakebite Case,2021-05-11,2.757,58777
Snakebite Case,2021-05-12,2.905,62317
Snakebite Case,2021-05-13,2.565,59798
Snakebite Case,2021-05-14,2.398,62160
Snakebite Case,2021-05-15,2.308,63244
Snakebite Case,2021-05-16,2.056,63257
Snakebite Case,2021-05-17,1.988,55095
Snakebite Case,2021-05-18,1.891,55596
Snakebite Case,2021-05-19,1.794,57365
Snakebite Case,2021-05-20,1.729,61579
Snakebite Case,2021-05-21,1.73,63127
Snakebite Case,2021-05-22,1.691,64963
Snakebite Case,2021-05-23,1.549,65533
Snakebite Case,2021-05-24,1.479,61958
Snakebite Case,2021-05-25,1.439,58595
Snakebite Case,2021-05-26,1.434,58804
Snakebite Case,2021-05-27,1.448,59521
Snakebite Case,2021-05-28,1.467,62212
Snakebite Case,2021-05-29,1.438,62951
Snakebite Case,2021-05-30,1.361,63233
Snakebite Case,2021-05-31,1.248,61688
Snakebite Case,2021-06-01,1.227,59328
Snakebite Case,2021-06-02,1.192,59611
Snakebite Case,2021-06-03,1.188,58723
Snakebite Case,2021-06-04,1.089,65310
Snakebite Case,2021-06-05,1.088,68363
Snakebite Case,2021-06-06,1.103,64512
Snakebite Case,2021-06-07,1.059,61961
Snakebite Case,2021-06-08,1.052,58421
Snakebite Case,2021-06-09,1.085,59503
Snakebite Case,2021-06-10,1.079,58742
Snakebite Case,2021-06-11,1.097,58895
Snakebite Case,2021-06-12,1.117,59869
Snakebite Case,2021-06-13,1.065,61340
Snakebite Case,2021-06-14,1.034,58981
Snakebite Case,2021-06-15,1.009,59344
Snakebite Case,2021-06-16,0.987,58393
Snakebite Case,2021-06-17,0.983,58218
Snakebite Case,2021-06-18,0.995,58539
Snakebite Case,2021-06-19,0.983,58338
Snakebite Case,2021-06-20,0.932,60309
Snakebite Case,2021-06-21,0.818,66902
Snakebite Case,2021-06-22,0.721,67594
Snakebite Case,2021-06-23,0.686,68105
Snakebite Case,2021-06-24,0.657,68599
Snakebite Case,2021-06-25,0.616,70004
Snakebite Case,2021-06-26,0.659,69789
Snakebite Case,2021-06-27,0.679,69194
Snakebite Case,2021-06-28,0.661,67494
Snakebite Case,2021-06-29,0.677,65412
Snakebite Case,2021-06-30,0.68,63481
Snakebite Case,2021-07-01,0.675,61651
Snakebite Case,2021-07-02,0.715,64575
Snakebite Case,2021-07-03,0.697,61031
Snakebite Case,2021-07-04,0.699,62481
Snakebite Case,2021-07-05,0.688,63768
Snakebite Case,2021-07-06,0.684,57423
Snakebite Case,2021-07-07,0.657,59320
Snakebite Case,2021-07-08,0.626,61292
Snakebite Case,2021-07-09,0.622,57598
Snakebite Case,2021-07-10,0.624,55128
Snakebite Case,2021-07-11,0.609,53929
Snakebite Case,2021-07-12,0.577,58326
Snakebite Case,2021-07-13,0.559,55021
Snakebite Case,2021-07-14,0.534,58900
Snakebite Case,2021-07-15,0.514,58789
Snakebite Case,2021-07-16,0.502,58889
Snakebite Case,2021-07-17,0.531,58960
Snakebite Case,2021-07-18,0.536,60777
Snakebite Case,2021-07-19,0.544,60560
Snakebite Case,2021-07-20,0.56,59668
Snakebite Case,2021-07-21,0.558,58243
Snakebite Case,2021-07-22,0.561,55779
Snakebite Case,2021-07-23,0.579,58027
Snakebite Case,2021-07-24,0.591,59547
Snakebite Case,2021-07-25,0.596,60518
Snakebite Case,2021-07-26,0.588,54384
Snakebite Case,2021-07-27,0.609,33758
Snakebite Case,2021-07-28,0.596,57276
Snakebite Case,2021-07-29,0.552,61263
Snakebite Case,2021-07-30,0.539,63420
Snakebite Case,2021-07-31,0.575,59001
Snakebite Case,2021-08-01,0.579,61887
Snakebite Case,2021-08-02,0.559,60006
Snakebite Case,2021-08-03,0.562,58560
Snakebite Case,2021-08-04,0.559,53791
Snakebite Case,2021-08-05,0.573,44616
Snakebite Case,2021-08-06,0.544,59382
Snakebite Case,2021-08-07,0.545,58982
Snakebite Case,2021-08-08,0.534,55399
Snakebite Case,2021-08-09,0.517,60790
Snakebite Case,2021-08-10,0.512,57696
Snakebite Case,2021-08-11,0.509,57479
Snakebite Case,2021-08-12,0.503,51899
Snakebite Case,2021-08-13,0.492,58405
Snakebite Case,2021-08-14,0.482,57706
Snakebite Case,2021-08-15,0.469,57531
Snakebite Case,2021-08-16,0.447,57302
Snakebite Case,2021-08-17,0.431,59533
Snakebite Case,2021-08-18,0.428,56135
Snakebite Case,2021-08-19,0.425,60519
Snakebite Case,2021-08-20,0.429,57611
Snakebite Case,2021-08-21,0.447,57769
Snakebite Case,2021-08-22,0.431,55470
Snakebite Case,2021-08-23,0.406,57733
Snakebite Case,2021-08-24,0.386,59465
Snakebite Case,2021-08-25,0.396,57502
Snakebite Case,2021-08-26,0.39,57217
Snakebite Case,2021-08-27,0.395,61441
Snakebite Case,2021-08-28,0.399,60410
Snakebite Case,2021-08-29,0.409,61021
Snakebite Case,2021-08-30,0.4,58724
Snakebite Case,2021-08-31,0.416,64322
Snakebite Case,2021-09-01,0.423,56546
Snakebite Case,2021-09-02,0.422,55451
Snakebite Case,2021-09-03,0.427,58856
Snakebite Case,2021-09-04,0.426,66458
Snakebite Case,2021-09-05,0.418,60671
Snakebite Case,2021-09-06,0.417,54195
Snakebite Case,2021-09-07,0.412,55253
Snakebite Case,2021-09-08,0.412,56512
Snakebite Case,2021-09-09,0.412,55585
Snakebite Case,2021-09-10,0.419,66638
Snakebite Case,2021-09-11,0.424,70843
Snakebite Case,2021-09-12,0.415,65019
Snakebite Case,2021-09-13,0.408,53689
Snakebite Case,2021-09-14,0.4,55316
Snakebite Case,2021-09-15,0.404,54759
Snakebite Case,2021-09-16,0.392,59285
Snakebite Case,2021-09-17,0.384,64489
Snakebite Case,2021-09-18,0.377,66540
Snakebite Case,2021-09-19,0.37,63856
Snakebite Case,2021-09-20,0.365,57725
Snakebite Case,2021-09-21,0.36,53709
Snakebite Case,2021-09-22,0.216,72894
Snakebite Case,2021-09-23,0.183,61105
Snakebite Case,2021-09-24,0.17,51525
Snakebite Case,2021-09-25,0.159,56105
Snakebite Case,2021-09-26,0.148,53568
Snakebite Case,2021-09-27,0.146,48089
Snakebite Case,2021-09-28,0.142,49091
Snakebite Case,2021-09-29,0.137,50471
Snakebite Case,2021-09-30,0.129,47760
Snakebite Case,2021-10-01,0.124,50416
Snakebite Case,2021-10-02,0.117,55334
Snakebite Case,2021-10-03,0.111,55363
Snakebite Case,2021-10-04,0.105,45897
Snakebite Case,2021-10-05,0.099,42292
Snakebite Case,2021-10-06,0.088,42225
Snakebite Case,2021-10-07,0.082,44253
Snakebite Case,2021-10-08,0.083,45288
Snakebite Case,2021-10-09,0.085,51635
Snakebite Case,2021-10-10,0.081,44704
Snakebite Case,2021-10-11,0.086,48689
Snakebite Case,2021-10-12,0.078,39852
Snakebite Case,2021-10-13,0.079,45455
Snakebite Case,2021-10-14,0.072,42011
Snakebite Case,2021-10-15,0.073,43694
Snakebite Case,2021-10-16,0.073,53469
Snakebite Case,2021-10-17,0.074,46480
Snakebite Case,2021-10-18,0.072,38060
Snakebite Case,2021-10-19,0.066,40235
Snakebite Case,2021-10-20,0.066,45003
Snakebite Case,2021-10-21,0.068,40349
Snakebite Case,2021-10-22,0.054,55637
Snakebite Case,2021-10-23,0.044,50626
Snakebite Case,2021-10-24,0.044,41998
Snakebite Case,2021-10-25,0.042,40590
Snakebite Case,2021-10-26,0.039,37586
Snakebite Case,2021-10-27,0.039,40860
Snakebite Case,2021-10-28,0.037,43584
Snakebite Case,2021-10-29,0.043,50090
Snakebite Case,2021-10-30,0.04,48686
Snakebite Case,2021-10-31,0.039,51311
Snakebite Case,2021-11-01,0.036,48132
Snakebite Case,2021-11-02,0.041,47991
Snakebite Case,2021-11-03,0.043,45054
Snakebite Case,2021-11-04,0.045,42804
Snakebite Case,2021-11-05,0.044,42549
Snakebite Case,2021-11-06,0.043,49080
Snakebite Case,2021-11-07,0.037,47147
Snakebite Case,2021-11-08,0.038,49113
Snakebite Case,2021-11-09,0.039,42060
Snakebite Case,2021-11-10,0.035,57449
Snakebite Case,2021-11-11,0.033,43649
Snakebite Case,2021-11-12,0.032,50207
Snakebite Case,2021-11-13,0.035,50338
Snakebite Case,2021-11-14,0.034,52179
Snakebite Case,2021-11-15,0.04,59588
Snakebite Case,2021-11-16,0.033,43651
Snakebite Case,2021-11-17,0.034,45917
Snakebite Case,2021-11-18,0.032,45329
Snakebite Case,2021-11-19,0.032,52622
Snakebite Case,2021-11-20,0.034,53945
Snakebite Case,2021-11-21,0.033,54206
Snakebite Case,2021-11-22,0.036,52496
Snakebite Case,2021-11-23,0.036,47826
Snakebite Case,2021-11-24,0.038,52062
Snakebite Case,2021-11-25,0.04,60673
Snakebite Case,2021-11-26,0.045,73190
Snakebite Case,2021-11-27,0.048,66995
Snakebite Case,2021-11-28,0.048,69027
Snakebite Case,2021-11-29,0.051,56827
Snakebite Case,2021-11-30,0.045,71422
Snakebite Case,2021-12-01,0.047,63537
Snakebite Case,2021-12-02,0.052,55466
Snakebite Case,2021-12-03,0.05,54932
Snakebite Case,2021-12-04,0.053,59852
Snakebite Case,2021-12-05,0.053,56231
Snakebite Case,2021-12-06,0.053,48867
Snakebite Case,2021-12-07,0.051,47511
Snakebite Case,2021-12-08,0.047,48562
Snakebite Case,2021-12-09,0.049,45939
Snakebite Case,2021-12-10,0.048,51921
Snakebite Case,2021-12-11,0.047,59053
Snakebite Case,2021-12-12,0.05,50551
Snakebite Case,2021-12-13,0.046,43638
Snakebite Case,2021-12-14,0.043,44009
Snakebite Case,2021-12-15,0.042,46284
Snakebite Case,2021-12-16,0.04,44095
Snakebite Case,2021-12-17,0.038,46364
Snakebite Case,2021-12-18,0.037,53465
Snakebite Case,2021-12-19,0.039,50289
Snakebite Case,2021-12-20,0.043,46280
Snakebite Case,2021-12-21,0.044,49493
Snakebite Case,2021-12-22,0.042,50024
Snakebite Case,2021-12-23,0.041,50501
Snakebite Case,2021-12-24,0.043,55012
Snakebite Case,2021-12-25,0.042,54099
Snakebite Case,2021-12-26,0.039,59061
Snakebite Case,2021-12-27,0.041,50513
Snakebite Case,2021-12-28,0.04,56118
Snakebite Case,2021-12-29,0.039,61314
Snakebite Case,2021-12-30,0.041,60316
Snakebite Case,2021-12-31,0.046,58468
Snakebite Case,2022-01-01,0.047,61783
Snakebite Case,2022-01-02,0.046,60714
Snakebite Case,2022-01-03,0.045,60865
Snakebite Case,2022-01-04,0.043,52605
Snakebite Case,2022-01-05,0.043,61454
Snakebite Case,2022-01-06,0.046,60761
Snakebite Case,2022-01-07,0.051,64468
Snakebite Case,2022-01-08,0.055,63779
Snakebite Case,2022-01-09,0.055,60764
Snakebite Case,2022-01-10,0.057,56418
Snakebite Case,2022-01-11,0.06,59499
Snakebite Case,2022-01-12,0.061,58868
Snakebite Case,2022-01-13,0.062,52362
Snakebite Case,2022-01-14,0.065,72826
Snakebite Case,2022-01-15,0.065,66204
Snakebite Case,2022-01-16,0.068,68242
Snakebite Case,2022-01-17,0.073,67686
Snakebite Case,2022-01-18,0.083,66665
Snakebite Case,2022-01-19,0.081,54309
Snakebite Case,2022-01-20,0.075,51541
Snakebite Case,2022-01-21,0.071,84481
Snakebite Case,2022-01-22,0.065,82198
Snakebite Case,2022-01-23,0.062,72386
Snakebite Case,2022-01-24,0.058,61835
Snakebite Case,2022-01-25,0.058,65630
Snakebite Case,2022-01-26,0.058,64743
Snakebite Case,2022-01-27,0.057,66716
Snakebite Case,2022-01-28,0.055,73712
Snakebite Case,2022-01-29,0.056,80905
Snakebite Case,2022-01-30,0.056,75120
Snakebite Case,2022-01-31,0.055,76126
Snakebite Case,2022-02-01,0.057,74472
Snakebite Case,2022-02-02,0.054,69709
Snakebite Case,2022-02-03,0.053,75903
Snakebite Case,2022-02-04,0.059,69033
Snakebite Case,2022-02-05,0.059,68679
Snakebite Case,2022-02-06,0.057,68577
Snakebite Case,2022-02-07,0.057,64706
Snakebite Case,2022-02-08,0.057,61432
Snakebite Case,2022-02-09,0.058,63233
Snakebite Case,2022-02-10,0.055,61360
Snakebite Case,2022-02-11,0.054,73561
Snakebite Case,2022-02-12,0.056,70857
Snakebite Case,2022-02-13,0.055,64945
Snakebite Case,2022-02-14,0.056,61501
Snakebite Case,2022-02-15,0.056,62120
Snakebite Case,2022-02-16,0.056,58557
Snakebite Case,2022-02-17,0.058,60033
Snakebite Case,2022-02-18,0.059,62484
Snakebite Case,2022-02-19,0.057,67512
Snakebite Case,2022-02-20,0.057,67587
Snakebite Case,2022-02-21,0.056,61480
Snakebite Case,2022-02-22,0.056,63246
Snakebite Case,2022-02-23,0.056,62470
Snakebite Case,2022-02-24,0.059,63209
Snakebite Case,2022-02-25,0.062,57918
Snakebite Case,2022-02-26,0.061,73410
Snakebite Case,2022-02-27,0.065,93936
Snakebite Case,2022-02-28,0.072,108827
Snakebite Case,2022-03-01,0.088,116719
Snakebite Case,2022-03-02,0.088,93694
Snakebite Case,2022-03-03,0.086,76571
Snakebite Case,2022-03-04,0.085,75515
Snakebite Case,2022-03-05,0.082,86063
Snakebite Case,2022-03-06,0.077,86698
Snakebite Case,2022-03-07,0.071,74931
Snakebite Case,2022-03-08,0.078,114432
Snakebite Case,2022-03-09,0.081,77858
Snakebite Case,2022-03-10,0.078,69532
Snakebite Case,2022-03-11,0.08,72036
Snakebite Case,2022-03-12,0.078,83772
Snakebite Case,2022-03-13,0.084,82311
Snakebite Case,2022-03-14,0.084,69994
Snakebite Case,2022-03-15,0.087,68302
Snakebite Case,2022-03-16,0.09,74122
Snakebite Case,2022-03-17,0.092,67396
Snakebite Case,2022-03-18,0.093,73281
Snakebite Case,2022-03-19,0.101,92708
Snakebite Case,2022-03-20,0.103,90877
Snakebite Case,2022-03-21,0.115,86333
Snakebite Case,2022-03-22,0.134,99443
Snakebite Case,2022-03-23,0.149,84310
Snakebite Case,2022-03-24,0.129,82166
Snakebite Case,2022-03-25,0.113,72010
Snakebite Case,2022-03-26,0.112,79488
Snakebite Case,2022-03-27,0.121,82521
Snakebite Case,2022-03-28,0.122,72886
Snakebite Case,2022-03-29,0.118,67871
Snakebite Case,2022-03-30,0.115,64830
Snakebite Case,2022-03-31,0.117,68186
Snakebite Case,2022-04-01,0.118,71942
Snakebite Case,2022-04-02,0.122,83255
Snakebite Case,2022-04-03,0.125,86826
Snakebite Case,2022-04-04,0.129,71376
Snakebite Case,2022-04-05,0.136,74176
Snakebite Case,2022-04-06,0.143,71423
Snakebite Case,2022-04-07,0.15,72395
Snakebite Case,2022-04-08,0.157,81507
Snakebite Case,2022-04-09,0.17,99849
Snakebite Case,2022-04-10,0.174,93421
Snakebite Case,2022-04-11,0.161,74172
Snakebite Case,2022-04-12,0.156,66399
Snakebite Case,2022-04-13,0.154,67625
Snakebite Case,2022-04-14,0.16,75458
Snakebite Case,2022-04-15,0.163,78329
Snakebite Case,2022-04-16,0.169,81386
Snakebite Case,2022-04-17,0.167,77044
Snakebite Case,2022-04-18,0.165,66138
Snakebite Case,2022-04-19,0.166,66658
Snakebite Case,2022-04-20,0.168,66493
Snakebite Case,2022-04-21,0.168,67878
Snakebite Case,2022-04-22,0.17,73251
Snakebite Case,2022-04-23,0.173,83218
Snakebite Case,2022-04-24,0.178,82645
Snakebite Case,2022-04-25,0.177,66714
Snakebite Case,2022-04-26,0.175,66301
Snakebite Case,2022-04-27,0.175,70174
Snakebite Case,2022-04-28,0.171,65288
Snakebite Case,2022-04-29,0.169,74971
Snakebite Case,2022-04-30,0.169,80023
Snakebite Case,2022-05-01,0.167,81637
Snakebite Case,2022-05-02,0.166,75097
Snakebite Case,2022-05-03,0.166,74008
Snakebite Case,2022-05-04,0.158,109999
Snakebite Case,2022-05-05,0.163,78152
Snakebite Case,2022-05-06,0.159,75356
Snakebite Case,2022-05-07,0.155,78130
Snakebite Case,2022-05-08,0.151,71662
Snakebite Case,2022-05-09,0.15,60837
Snakebite Case,2022-05-10,0.149,67204
Snakebite Case,2022-05-11,0.141,60802
Snakebite Case,2022-05-12,0.138,65059
Snakebite Case,2022-05-13,0.133,63209
Snakebite Case,2022-05-14,0.126,68973
Snakebite Case,2022-05-15,0.122,69496
Snakebite Case,2022-05-16,0.119,57355
Snakebite Case,2022-05-17,0.116,52965
Snakebite Case,2022-05-18,0.116,60758
Snakebite Case,2022-05-19,0.112,55663
Snakebite Case,2022-05-20,0.114,69551
Snakebite Case,2022-05-21,0.117,72341
Snakebite Case,2022-05-22,0.117,70803
Snakebite Case,2022-05-23,0.117,59487
Snakebite Case,2022-05-24,0.122,69301
Snakebite Case,2022-05-25,0.128,67705
Snakebite Case,2022-05-26,0.135,68641
Snakebite Case,2022-05-27,0.139,70839
Snakebite Case,2022-05-28,0.147,77652
Snakebite Case,2022-05-29,0.148,75733
Snakebite Case,2022-05-30,0.145,65455
Snakebite Case,2022-05-31,0.148,71257
Snakebite Case,2022-06-01,0.158,72892
Snakebite Case,2022-06-02,0.159,71101
Snakebite Case,2022-06-03,0.153,101670
Snakebite Case,2022-06-04,0.158,89751
Snakebite Case,2022-06-05,0.152,84424
Snakebite Case,2022-06-06,0.147,69716
Snakebite Case,2022-06-07,0.139,67356
Snakebite Case,2022-06-08,0.13,64244
Snakebite Case,2022-06-09,0.125,64069
Snakebite Case,2022-06-10,0.126,62348
Snakebite Case,2022-06-11,0.126,66476
Snakebite Case,2022-06-12,0.123,62439
Snakebite Case,2022-06-13,0.117,60985
Snakebite Case,2022-06-14,0.114,62021
Snakebite Case,2022-06-15,0.114,61044
Snakebite Case,2022-06-16,0.117,79132
Snakebite Case,2022-06-17,0.117,62458
Snakebite Case,2022-06-18,0.116,61133
Snakebite Case,2022-06-19,0.11,62750
Snakebite Case,2022-06-20,0.106,67509
Snakebite Case,2022-06-21,0.1,61211
Snakebite Case,2022-06-22,0.099,62468
Snakebite Case,2022-06-23,0.099,65615
Snakebite Case,2022-06-24,0.097,70132
Snakebite Case,2022-06-25,0.1,71227
Snakebite Case,2022-06-26,0.103,68958
Snakebite Case,2022-06-27,0.099,64714
Snakebite Case,2022-06-28,0.098,63862
Snakebite Case,2022-06-29,0.1,67844
Snakebite Case,2022-06-30,0.108,73741
Snakebite Case,2022-07-01,0.116,70260
Snakebite Case,2022-07-02,0.113,87250
Snakebite Case,2022-07-03,0.11,75685
Snakebite Case,2022-07-04,0.108,71167
Snakebite Case,2022-07-05,0.107,78155
Snakebite Case,2022-07-06,0.1,76193
Snakebite Case,2022-07-07,0.101,68594
Snakebite Case,2022-07-08,0.105,65504
Snakebite Case,2022-07-09,0.105,66176
Snakebite Case,2022-07-10,0.109,74720
Snakebite Case,2022-07-11,0.106,66927
Snakebite Case,2022-07-12,0.105,69110
Snakebite Case,2022-07-13,0.105,58125
Snakebite Case,2022-07-14,0.105,70846
Snakebite Case,2022-07-15,0.103,61449
Snakebite Case,2022-07-16,0.103,67504
Snakebite Case,2022-07-17,0.101,66173
Snakebite Case,2022-07-18,0.101,72112
Snakebite Case,2022-07-19,0.102,67930
Snakebite Case,2022-07-20,0.101,61161
Snakebite Case,2022-07-21,0.101,74940
Snakebite Case,2022-07-22,0.106,84913
Snakebite Case,2022-07-23,0.109,71928
Snakebite Case,2022-07-24,0.108,73724
Snakebite Case,2022-07-25,0.107,66737
Snakebite Case,2022-07-26,0.105,64252
Snakebite Case,2022-07-27,0.105,64201
Snakebite Case,2022-07-28,0.105,63687
Snakebite Case,2022-07-29,0.109,68722
Snakebite Case,2022-07-30,0.11,71938
Snakebite Case,2022-07-31,0.108,73642
Snakebite Case,2022-08-01,0.108,67416
Snakebite Case,2022-08-02,0.108,71306
Snakebite Case,2022-08-03,0.107,77137
Snakebite Case,2022-08-04,0.106,67356
Snakebite Case,2022-08-05,0.107,67264
Snakebite Case,2022-08-06,0.105,69531
Snakebite Case,2022-08-07,0.105,72890
Snakebite Case,2022-08-08,0.105,73578
Snakebite Case,2022-08-09,0.109,38341
Snakebite Case,2022-08-10,0.105,72887
Snakebite Case,2022-08-11,0.107,72426
Snakebite Case,2022-08-12,0.108,67526
Snakebite Case,2022-08-13,0.108,65149
Snakebite Case,2022-08-14,0.106,69738
Snakebite Case,2022-08-15,0.104,62121
Snakebite Case,2022-08-16,0.102,66390
Snakebite Case,2022-08-17,0.098,91812
Snakebite Case,2022-08-18,0.098,78770
Snakebite Case,2022-08-19,0.097,70342
Snakebite Case,2022-08-20,0.096,72168
Snakebite Case,2022-08-21,0.095,77501
Snakebite Case,2022-08-22,0.096,73867
Snakebite Case,2022-08-23,0.099,69224
Snakebite Case,2022-08-24,0.097,72263
Snakebite Case,2022-08-25,0.095,68639
Snakebite Case,2022-08-26,0.095,73113
Snakebite Case,2022-08-27,0.094,67316
Snakebite Case,2022-08-28,0.096,75955
Snakebite Case,2022-08-29,0.093,69650
Snakebite Case,2022-08-30,0.093,65135
Snakebite Case,2022-08-31,0.093,67454
Snakebite Case,2022-09-01,0.092,65466
Snakebite Case,2022-09-02,0.088,73067
Snakebite Case,2022-09-03,0.09,82986
Snakebite Case,2022-09-04,0.102,152653
Snakebite Case,2022-09-05,0.112,95273
Snakebite Case,2022-09-06,0.115,79877
Snakebite Case,2022-09-07,0.113,83358
Snakebite Case,2022-09-08,0.112,71128
Snakebite Case,2022-09-09,0.111,80207
Snakebite Case,2022-09-10,0.109,80173
Snakebite Case,2022-09-11,0.11,82326
Snakebite Case,2022-09-12,0.109,67137
Snakebite Case,2022-09-13,0.107,69905
Snakebite Case,2022-09-14,0.106,73585
Snakebite Case,2022-09-15,0.106,72916
Snakebite Case,2022-09-16,0.104,70925
Snakebite Case,2022-09-17,0.103,84604
Snakebite Case,2022-09-18,0.103,80133
Snakebite Case,2022-09-19,0.101,63839
Snakebite Case,2022-09-20,0.103,66924
Snakebite Case,2022-09-21,0.103,69701
Snakebite Case,2022-09-22,0.106,62595
Snakebite Case,2022-09-23,0.108,67069
Snakebite Case,2022-09-24,0.116,119038
Snakebite Case,2022-09-25,0.115,80765
Snakebite Case,2022-09-26,0.115,65722
Snakebite Case,2022-09-27,0.114,64479
Snakebite Case,2022-09-28,0.114,63650
Snakebite Case,2022-09-29,0.115,68891
Snakebite Case,2022-09-30,0.116,74004
Snakebite Case,2022-10-01,0.113,81238
Snakebite Case,2022-10-02,0.111,80395
Snakebite Case,2022-10-03,0.113,70252
Snakebite Case,2022-10-04,0.109,63435
Snakebite Case,2022-10-05,0.107,60854
Snakebite Case,2022-10-06,0.106,58829
Snakebite Case,2022-10-07,0.104,60591
Snakebite Case,2022-10-08,0.107,76138
Snakebite Case,2022-10-09,0.106,73491
Snakebite Case,2022-10-10,0.107,73782
Snakebite Case,2022-10-11,0.104,62057
Snakebite Case,2022-10-12,0.103,61213
Snakebite Case,2022-10-13,0.104,70390
Snakebite Case,2022-10-14,0.102,54664
Snakebite Case,2022-10-15,0.103,86163
Snakebite Case,2022-10-16,0.103,73392
Snakebite Case,2022-10-17,0.104,67058
Snakebite Case,2022-10-18,0.103,60366
Snakebite Case,2022-10-19,0.107,69823
Snakebite Case,2022-10-20,0.106,65542
Snakebite Case,2022-10-21,0.105,68997
Snakebite Case,2022-10-22,0.098,100794
Snakebite Case,2022-10-23,0.096,79062
Snakebite Case,2022-10-24,0.096,63770
Snakebite Case,2022-10-25,0.099,71517
Snakebite Case,2022-10-26,0.099,68696
Snakebite Case,2022-10-27,0.097,67404
Snakebite Case,2022-10-28,0.096,68702
Snakebite Case,2022-10-29,0.093,73262
Snakebite Case,2022-10-30,0.094,73753
Snakebite Case,2022-10-31,0.091,68664
Snakebite Case,2022-11-01,0.09,58209
Snakebite Case,2022-11-02,0.09,62040
Snakebite Case,2022-11-03,0.088,61167
Snakebite Case,2022-11-04,0.09,73429
Snakebite Case,2022-11-05,0.09,68860
Snakebite Case,2022-11-06,0.09,73833
Snakebite Case,2022-11-07,0.09,61349
Snakebite Case,2022-11-08,0.093,75061
Snakebite Case,2022-11-09,0.093,71329
Snakebite Case,2022-11-10,0.095,71257
Snakebite Case,2022-11-11,0.094,64913
Snakebite Case,2022-11-12,0.095,79186
Snakebite Case,2022-11-13,0.096,80116
Snakebite Case,2022-11-14,0.09,60778
Snakebite Case,2022-11-15,0.09,68050
Snakebite Case,2022-11-16,0.089,60362
Snakebite Case,2022-11-17,0.089,61994
Snakebite Case,2022-11-18,0.094,93935
Snakebite Case,2022-11-19,0.091,108005
Snakebite Case,2022-11-20,0.087,80360
Snakebite Case,2022-11-21,0.086,59308
Snakebite Case,2022-11-22,0.092,76770
Snakebite Case,2022-11-23,0.09,80662
Snakebite Case,2022-11-24,0.089,71549
Snakebite Case,2022-11-25,0.088,74129
Snakebite Case,2022-11-26,0.084,80663
Snakebite Case,2022-11-27,0.082,85906
Snakebite Case,2022-11-28,0.081,90281
Snakebite Case,2022-11-29,0.084,70336
Snakebite Case,2022-11-30,0.087,66403
Snakebite Case,2022-12-01,0.087,68309
Snakebite Case,2022-12-02,0.09,77366
Snakebite Case,2022-12-03,0.091,70191
Snakebite Case,2022-12-04,0.09,69840
Snakebite Case,2022-12-05,0.09,59419
Snakebite Case,2022-12-06,0.098,110003
Snakebite Case,2022-12-07,0.101,67090
Snakebite Case,2022-12-08,0.1,64003
Snakebite Case,2022-12-09,0.097,58598
Snakebite Case,2022-12-10,0.098,71888
Snakebite Case,2022-12-11,0.098,74626
Snakebite Case,2022-12-12,0.097,61194
Snakebite Case,2022-12-13,0.097,60834
Snakebite Case,2022-12-14,0.093,70256
Snakebite Case,2022-12-15,0.093,64033
Snakebite Case,2022-12-16,0.092,68413
Snakebite Case,2022-12-17,0.092,76334
Snakebite Case,2022-12-18,0.09,67175
Snakebite Case,2022-12-19,0.091,66199
Snakebite Case,2022-12-20,0.092,64392
Snakebite Case,2022-12-21,0.093,71875
Snakebite Case,2022-12-22,0.092,78615
Snakebite Case,2022-12-23,0.09,87311
Snakebite Case,2022-12-24,0.094,89153
Snakebite Case,2022-12-25,0.094,84535
Snakebite Case,2022-12-26,0.093,78884
Snakebite Case,2022-12-27,0.095,78998
Snakebite Case,2022-12-28,0.093,83213
Snakebite Case,2022-12-29,0.093,77128
Snakebite Case,2022-12-30,0.093,76658
Snakebite Case,2022-12-31,0.092,68156
Snakebite Case,2023-01-01,0.091,77791
Snakebite Case,2023-01-02,0.093,85134
Snakebite Case,2023-01-03,0.094,86342
Snakebite Case,2023-01-04,0.097,81199
Snakebite Case,2023-01-05,0.101,86691
Snakebite Case,2023-01-06,0.099,77190
Snakebite Case,2023-01-07,0.099,79273
Snakebite Case,2023-01-08,0.098,85212
Snakebite Case,2023-01-09,0.096,67967
Snakebite Case,2023-01-10,0.099,65823
Snakebite Case,2023-01-11,0.098,75231
Snakebite Case,2023-01-12,0.1,68910
Snakebite Case,2023-01-13,0.101,71944
Snakebite Case,2023-01-14,0.098,81215
Snakebite Case,2023-01-15,0.099,72978
Snakebite Case,2023-01-16,0.099,68780
Snakebite Case,2023-01-17,0.103,67274
Snakebite Case,2023-01-18,0.102,77300
Snakebite Case,2023-01-19,0.103,70584
Snakebite Case,2023-01-20,0.103,77061
Snakebite Case,2023-01-21,0.102,93990
Snakebite Case,2023-01-22,0.102,84983
Snakebite Case,2023-01-23,0.103,70500
Snakebite Case,2023-01-24,0.101,73130
Snakebite Case,2023-01-25,0.102,74294
Snakebite Case,2023-01-26,0.1,75070
Snakebite Case,2023-01-27,0.102,82085
Snakebite Case,2023-01-28,0.103,90626
Snakebite Case,2023-01-29,0.102,85800
Snakebite Case,2023-01-30,0.103,75855
Snakebite Case,2023-01-31,0.105,86078
Snakebite Case,2023-02-01,0.107,91652
Snakebite Case,2023-02-02,0.111,100226
Snakebite Case,2023-02-03,0.115,119765
Snakebite Case,2023-02-04,0.116,116497
Snakebite Case,2023-02-05,0.117,99084
Snakebite Case,2023-02-06,0.121,95402
Snakebite Case,2023-02-07,0.118,87703
Snakebite Case,2023-02-08,0.118,86145
Snakebite Case,2023-02-09,0.114,82538
Snakebite Case,2023-02-10,0.111,141936
Snakebite Case,2023-02-11,0.109,135204
Snakebite Case,2023-02-12,0.11,129339
Snakebite Case,2023-02-13,0.113,103456
Snakebite Case,2023-02-14,0.114,94903
Snakebite Case,2023-02-15,0.113,103021
Snakebite Case,2023-02-16,0.12,123568
Snakebite Case,2023-02-17,0.126,145601
Snakebite Case,2023-02-18,0.129,148547
Snakebite Case,2023-02-19,0.132,127370
Snakebite Case,2023-02-20,0.13,103037
Snakebite Case,2023-02-21,0.127,99084
Snakebite Case,2023-02-22,0.124,100183
Snakebite Case,2023-02-23,0.125,103986
Snakebite Case,2023-02-24,0.125,104656
Snakebite Case,2023-02-25,0.129,131444
Snakebite Case,2023-02-26,0.134,138316
Snakebite Case,2023-02-27,0.135,118270
Snakebite Case,2023-02-28,0.139,119999
Snakebite Case,2023-03-01,0.146,127700
Snakebite Case,2023-03-02,0.172,158991
Snakebite Case,2023-03-03,0.186,149657
Snakebite Case,2023-03-04,0.182,154921
Snakebite Case,2023-03-05,0.168,154797
Snakebite Case,2023-03-06,0.169,117992
Snakebite Case,2023-03-07,0.172,115025
Snakebite Case,2023-03-08,0.172,114876
Snakebite Case,2023-03-09,0.182,119787
Snakebite Case,2023-03-10,0.194,146681
Snakebite Case,2023-03-11,0.203,150236
Snakebite Case,2023-03-12,0.216,147147
Snakebite Case,2023-03-13,0.241,151215
Snakebite Case,2023-03-14,0.26,152303
Snakebite Case,2023-03-15,0.272,137912
Snakebite Case,2023-03-16,0.29,173107
Snakebite Case,2023-03-17,0.277,203676
Snakebite Case,2023-03-18,0.239,155565
Snakebite Case,2023-03-19,0.233,146715
Snakebite Case,2023-03-20,0.223,135284
Snakebite Case,2023-03-21,0.219,124071
Snakebite Case,2023-03-22,0.227,177241
Snakebite Case,2023-03-23,0.247,167976
Snakebite Case,2023-03-24,0.251,155407
Snakebite Case,2023-03-25,0.262,172103
Snakebite Case,2023-03-26,0.279,202962
Snakebite Case,2023-03-27,0.314,237713
Snakebite Case,2023-03-28,0.339,179764
Snakebite Case,2023-03-29,0.322,150491
Snakebite Case,2023-03-30,0.33,123619
Snakebite Case,2023-03-31,0.371,163170
Snakebite Case,2023-04-01,0.414,192669
Snakebite Case,2023-04-02,0.419,188596
Snakebite Case,2023-04-03,0.394,163802
Snakebite Case,2023-04-04,0.377,133705
Snakebite Case,2023-04-05,0.383,148397
Snakebite Case,2023-04-06,0.404,176638
Snakebite Case,2023-04-07,0.477,199075
Snakebite Case,2023-04-08,0.547,183722
Snakebite Case,2023-04-09,0.552,187175
Snakebite Case,2023-04-10,0.531,162591
Snakebite Case,2023-04-11,0.518,150894
Snakebite Case,2023-04-12,0.509,149408
Snakebite Case,2023-04-13,0.51,140344
Snakebite Case,2023-04-14,0.551,158694
Snakebite Case,2023-04-15,0.639,180216
Snakebite Case,2023-04-16,0.737,165981
Snakebite Case,2023-04-17,0.769,205948
Snakebite Case,2023-04-18,0.868,147453
Snakebite Case,2023-04-19,0.79,129971
Snakebite Case,2023-04-20,0.682,214536
Snakebite Case,2023-04-21,0.64,177856
Snakebite Case,2023-04-22,0.615,183205
Snakebite Case,2023-04-23,0.512,227446
Snakebite Case,2023-04-24,0.482,173761
Snakebite Case,2023-04-25,0.425,221892
Snakebite Case,2023-04-26,0.365,165969
Snakebite Case,2023-04-27,0.456,177763
Snakebite Case,2023-04-28,0.503,148989
Snakebite Case,2023-04-29,0.477,140320
Snakebite Case,2023-04-30,0.453,143691
Snakebite Case,2023-05-01,0.412,133135
Snakebite Case,2023-05-02,0.401,125264
Snakebite Case,2023-05-03,0.397,113724
Snakebite Case,2023-05-04,0.4,109849
Snakebite Case,2023-05-05,0.361,163423
Snakebite Case,2023-05-06,0.359,136719
Snakebite Case,2023-05-07,0.334,143779
Snakebite Case,2023-05-08,0.307,122498
Snakebite Case,2023-05-09,0.309,112856
Snakebite Case,2023-05-10,0.328,105457
Snakebite Case,2023-05-11,0.332,100428
Snakebite Case,2023-05-12,0.332,111359
Snakebite Case,2023-05-13,0.33,117001
Snakebite Case,2023-05-14,0.326,119866
Snakebite Case,2023-05-15,0.321,98611
Snakebite Case,2023-05-16,0.31,98656
Snakebite Case,2023-05-17,0.306,104907
Snakebite Case,2023-05-18,0.301,109972
Snakebite Case,2023-05-19,0.288,106819
Snakebite Case,2023-05-20,0.282,111509
Snakebite Case,2023-05-21,0.276,122458
Snakebite Case,2023-05-22,0.264,101880
Snakebite Case,2023-05-23,0.26,105796
Snakebite Case,2023-05-24,0.258,105991
Snakebite Case,2023-05-25,0.281,120632
Snakebite Case,2023-05-26,0.286,115604
Snakebite Case,2023-05-27,0.282,110816
Snakebite Case,2023-05-28,0.282,115836
Snakebite Case,2023-05-29,0.292,115101
Snakebite Case,2023-05-30,0.298,102575
Snakebite Case,2023-05-31,0.3,107787
Snakebite Case,2023-06-01,0.3,106447
Snakebite Case,2023-06-02,0.301,106862
Snakebite Case,2023-06-03,0.309,115608
Snakebite Case,2023-06-04,0.316,117597
Snakebite Case,2023-06-05,0.313,103563
Snakebite Case,2023-06-06,0.316,101430
Snakebite Case,2023-06-07,0.309,99846
Snakebite Case,2023-06-08,0.304,108335
Snakebite Case,2023-06-09,0.307,130633
Snakebite Case,2023-06-10,0.416,289206
Snakebite Case,2023-06-11,0.376,117029
Snakebite Case,2023-06-12,0.367,92328
Snakebite Case,2023-06-13,0.392,90532
Snakebite Case,2023-06-14,0.388,123824
Snakebite Case,2023-06-15,0.375,107767
Snakebite Case,2023-06-16,0.372,97707
Snakebite Case,2023-06-17,0.371,96673
Snakebite Case,2023-06-18,0.366,90303
Snakebite Case,2023-06-19,0.371,87096
Snakebite Case,2023-06-20,0.37,75436
Snakebite Case,2023-06-21,0.347,114696
Snakebite Case,2023-06-22,0.323,94281
Snakebite Case,2023-06-23,0.312,126855
Snakebite Case,2023-06-24,0.318,105768
Snakebite Case,2023-06-25,0.323,103926
Snakebite Case,2023-06-26,0.328,84909
Snakebite Case,2023-06-27,0.318,81739
Snakebite Case,2023-06-28,0.305,125813
Snakebite Case,2023-06-29,0.292,120097
Snakebite Case,2023-06-30,0.283,121915
Snakebite Case,2023-07-01,0.278,96364
Snakebite Case,2023-07-02,0.285,98820
Snakebite Case,2023-07-03,0.284,93178
Snakebite Case,2023-07-04,0.294,76555
Snakebite Case,2023-07-05,0.292,126671
Snakebite Case,2023-07-06,0.279,100079
Snakebite Case,2023-07-07,0.282,99996
Snakebite Case,2023-07-08,0.283,92830
Snakebite Case,2023-07-09,0.284,86406
Snakebite Case,2023-07-10,0.284,76631
Snakebite Case,2023-07-11,0.286,73116
Snakebite Case,2023-07-12,0.276,115152
Snakebite Case,2023-07-13,0.272,93725
Snakebite Case,2023-07-14,0.272,74110
Snakebite Case,2023-07-15,0.276,74837
Snakebite Case,2023-07-16,0.286,78955
Snakebite Case,2023-07-17,0.291,68122
Snakebite Case,2023-07-18,0.295,65282
Snakebite Case,2023-07-19,0.276,108054
Snakebite Case,2023-07-20,0.272,88314
Snakebite Case,2023-07-21,0.276,77426
Snakebite Case,2023-07-22,0.28,79821
Snakebite Case,2023-07-23,0.282,75616
Snakebite Case,2023-07-24,0.287,71197
Snakebite Case,2023-07-25,0.289,69565
Snakebite Case,2023-07-26,0.274,114776
Snakebite Case,2023-07-27,0.273,96505
Snakebite Case,2023-07-28,0.275,84296
Snakebite Case,2023-07-29,0.275,84244
Snakebite Case,2023-07-30,0.277,78134
Snakebite Case,2023-07-31,0.279,71144
Snakebite Case,2023-08-01,0.281,65696
Snakebite Case,2023-08-02,0.269,110493
Snakebite Case,2023-08-03,0.271,101575
Snakebite Case,2023-08-04,0.273,84415
Snakebite Case,2023-08-05,0.278,85615
Snakebite Case,2023-08-06,0.269,79019
Snakebite Case,2023-08-07,0.271,72717
Snakebite Case,2023-08-08,0.269,67965
Snakebite Case,2023-08-09,0.249,109050
Snakebite Case,2023-08-10,0.245,92129
Snakebite Case,2023-08-11,0.248,78350
Snakebite Case,2023-08-12,0.25,74835
Snakebite Case,2023-08-13,0.251,79091
Snakebite Case,2023-08-14,0.251,66845
Snakebite Case,2023-08-15,0.256,76208
Snakebite Case,2023-08-16,0.247,108234
Snakebite Case,2023-08-17,0.245,87390
Snakebite Case,2023-08-18,0.247,79077
Snakebite Case,2023-08-19,0.248,85631
Snakebite Case,2023-08-20,0.247,79420
Snakebite Case,2023-08-21,0.247,65237
Snakebite Case,2023-08-22,0.245,60667
Snakebite Case,2023-08-23,0.235,107492
Snakebite Case,2023-08-24,0.233,85388
Snakebite Case,2023-08-25,0.241,79639
Snakebite Case,2023-08-26,0.243,77929
Snakebite Case,2023-08-27,0.248,75866
Snakebite Case,2023-08-28,0.245,64454
Snakebite Case,2023-08-29,0.246,63803
Snakebite Case,2023-08-30,0.236,118565
Snakebite Case,2023-08-31,0.236,101138
Snakebite Case,2023-09-01,0.247,92811
Snakebite Case,2023-09-02,0.253,106934
Snakebite Case,2023-09-03,0.264,97473
Snakebite Case,2023-09-04,0.275,109036
Snakebite Case,2023-09-05,0.279,81767
Snakebite Case,2023-09-06,0.282,141094
Snakebite Case,2023-09-07,0.281,118808
Snakebite Case,2023-09-08,0.286,103517
Snakebite Case,2023-09-09,0.287,98040
Snakebite Case,2023-09-10,0.276,88329
Snakebite Case,2023-09-11,0.273,75392
Snakebite Case,2023-09-12,0.27,68591
Snakebite Case,2023-09-13,0.263,124859
Snakebite Case,2023-09-14,0.26,102528
Snakebite Case,2023-09-15,0.261,94051
Snakebite Case,2023-09-16,0.263,98782
Snakebite Case,2023-09-17,0.271,94557
Snakebite Case,2023-09-18,0.271,73492
Snakebite Case,2023-09-19,0.272,65329
Snakebite Case,2023-09-20,0.27,120564
Snakebite Case,2023-09-21,0.281,109192
Snakebite Case,2023-09-22,0.276,87499
Snakebite Case,2023-09-23,0.275,87505
Snakebite Case,2023-09-24,0.273,84302
Snakebite Case,2023-09-25,0.278,66042
Snakebite Case,2023-09-26,0.281,65206
Snakebite Case,2023-09-27,0.278,158729
Snakebite Case,2023-09-28,0.283,195506
Snakebite Case,2023-09-29,0.278,154020
Snakebite Case,2023-09-30,0.279,141514
Snakebite Case,2023-10-01,0.284,133087
Snakebite Case,2023-10-02,0.292,103583
Snakebite Case,2023-10-03,0.299,98776
Snakebite Case,2023-10-04,0.283,161611
Snakebite Case,2023-10-05,0.277,130854
Snakebite Case,2023-10-06,0.288,128539
Snakebite Case,2023-10-07,0.295,127495
Snakebite Case,2023-10-08,0.309,160916
Snakebite Case,2023-10-09,0.33,125355
Snakebite Case,2023-10-10,0.326,87183
Snakebite Case,2023-10-11,0.308,154547
Snakebite Case,2023-10-12,0.303,125098
Snakebite Case,2023-10-13,0.308,113050
Snakebite Case,2023-10-14,0.306,113314
Snakebite Case,2023-10-15,0.314,105862
Snakebite Case,2023-10-16,0.321,85297
Snakebite Case,2023-10-17,0.322,75072
Snakebite Case,2023-10-18,0.302,136054
Snakebite Case,2023-10-19,0.297,112061
Snakebite Case,2023-10-20,0.302,103628
Snakebite Case,2023-10-21,0.298,102086
Snakebite Case,2023-10-22,0.3,94983
Snakebite Case,2023-10-23,0.3,75203
Snakebite Case,2023-10-24,0.304,69996
Snakebite Case,2023-10-25,0.294,139997
Snakebite Case,2023-10-26,0.288,113226
Snakebite Case,2023-10-27,0.292,109155
Snakebite Case,2023-10-28,0.285,99302
Snakebite Case,2023-10-29,0.279,89405
Snakebite Case,2023-10-30,0.281,71928
Snakebite Case,2023-10-31,0.282,67876
Snakebite Case,2023-11-01,0.275,134729
Snakebite Case,2023-11-02,0.271,110085
Snakebite Case,2023-11-03,0.278,95973
Snakebite Case,2023-11-04,0.275,82679
Snakebite Case,2023-11-05,0.274,75935
Snakebite Case,2023-11-06,0.279,65362
Snakebite Case,2023-11-07,0.279,57236
Snakebite Case,2023-11-08,0.268,113899
Snakebite Case,2023-11-09,0.267,99898
Snakebite Case,2023-11-10,0.263,100934
Snakebite Case,2023-11-11,0.259,100531
Snakebite Case,2023-11-12,0.259,92997
Snakebite Case,2023-11-13,0.257,76749
Snakebite Case,2023-11-14,0.257,114815
Snakebite Case,2023-11-15,0.247,212217
Snakebite Case,2023-11-16,0.24,119949
Snakebite Case,2023-11-17,0.237,91224
Snakebite Case,2023-11-18,0.231,97067
Snakebite Case,2023-11-19,0.227,99024
Snakebite Case,2023-11-20,0.223,65679
Snakebite Case,2023-11-21,0.221,80675
Snakebite Case,2023-11-22,0.216,163464
Snakebite Case,2023-11-23,0.21,111452
Snakebite Case,2023-11-24,0.208,101254
Snakebite Case,2023-11-25,0.204,103043
Snakebite Case,2023-11-26,0.202,94142
Snakebite Case,2023-11-27,0.205,82711
Snakebite Case,2023-11-28,0.207,77949
Snakebite Case,2023-11-29,0.213,117986
Snakebite Case,2023-11-30,0.224,87367
Snakebite Case,2023-12-01,0.228,92836
Snakebite Case,2023-12-02,0.236,92527
Snakebite Case,2023-12-03,0.251,86456
Snakebite Case,2023-12-04,0.258,82054
Snakebite Case,2023-12-05,0.266,78681
Snakebite Case,2023-12-06,0.247,103611
Snakebite Case,2023-12-07,0.243,100320
Snakebite Case,2023-12-08,0.242,88646
Snakebite Case,2023-12-09,0.235,74916
Snakebite Case,2023-12-10,0.238,71737
Snakebite Case,2023-12-11,0.25,62631
Snakebite Case,2023-12-12,0.248,51601
Snakebite Case,2023-12-13,0.244,88808
Snakebite Case,2023-12-14,0.229,76678
Snakebite Case,2023-12-15,0.221,72821
Snakebite Case,2023-12-16,0.219,77706
Snakebite Case,2023-12-17,0.22,71976
Snakebite Case,2023-12-18,0.225,56757
Snakebite Case,2023-12-19,0.223,57359
Snakebite Case,2023-12-20,0.218,94510
Snakebite Case,2023-12-21,0.217,87257
Snakebite Case,2023-12-22,0.212,98086
Snakebite Case,2023-12-23,0.215,89536
Snakebite Case,2023-12-24,0.213,79380
Snakebite Case,2023-12-25,0.213,70229
Snakebite Case,2023-12-26,0.216,73023
Snakebite Case,2023-12-27,0.212,122931
Snakebite Case,2023-12-28,0.208,102032
Snakebite Case,2023-12-29,0.213,95404
Snakebite Case,2023-12-30,0.212,78497
Snakebite Case,2023-12-31,0.213,80030
Snakebite Case,2024-01-01,0.215,80034
Snakebite Case,2024-01-02,0.212,77022
Snakebite Case,2024-01-03,0.205,119807
Snakebite Case,2024-01-04,0.202,96662
Snakebite Case,2024-01-05,0.206,74582
Snakebite Case,2024-01-06,0.203,78551
Snakebite Case,2024-01-07,0.206,79067
Snakebite Case,2024-01-08,0.206,61808
Snakebite Case,2024-01-09,0.205,85462
Snakebite Case,2024-01-10,0.201,117165
Snakebite Case,2024-01-11,0.194,88138
Snakebite Case,2024-01-12,0.192,75779
Snakebite Case,2024-01-13,0.188,79379
Snakebite Case,2024-01-14,0.188,66188
Snakebite Case,2024-01-15,0.188,59764
Snakebite Case,2024-01-16,0.189,52721
Snakebite Case,2024-01-17,0.18,100904
Snakebite Case,2024-01-18,0.173,104918
Snakebite Case,2024-01-19,0.168,88768
Snakebite Case,2024-01-20,0.16,92136
Snakebite Case,2024-01-21,0.158,89858
Snakebite Case,2024-01-22,0.152,72047
Snakebite Case,2024-01-23,0.15,75056
Snakebite Case,2024-01-24,0.142,97111
Snakebite Case,2024-01-25,0.141,99327
Snakebite Case,2024-01-26,0.139,80835
Snakebite Case,2024-01-27,0.142,80558
Snakebite Case,2024-01-28,0.142,89359
Snakebite Case,2024-01-29,0.139,83050
Snakebite Case,2024-01-30,0.136,95066
Snakebite Case,2024-01-31,0.131,117608
Snakebite Case,2024-02-01,0.125,125578
Snakebite Case,2024-02-02,0.125,78604
Snakebite Case,2024-02-03,0.136,89615
Snakebite Case,2024-02-04,0.154,98527
Snakebite Case,2024-02-05,0.164,88968
Snakebite Case,2024-02-06,0.158,74537
Snakebite Case,2024-02-07,0.204,490341
Snakebite Case,2024-02-08,0.198,156047
Snakebite Case,2024-02-09,0.181,120000
Snakebite Case,2024-02-10,0.177,111076
Snakebite Case,2024-02-11,0.187,95806
Snakebite Case,2024-02-12,0.193,90934
Snakebite Case,2024-02-13,0.191,90173
Snakebite Case,2024-02-14,0.19,104775
Snakebite Case,2024-02-15,0.19,99914
Snakebite Case,2024-02-16,0.181,65266
Snakebite Case,2024-02-17,0.169,58722
Snakebite Case,2024-02-18,0.164,57932
Snakebite Case,2024-02-19,0.162,60459
Snakebite Case,2024-02-20,0.16,57084
Snakebite Case,2024-02-21,0.166,57047
Snakebite Case,2024-02-22,0.164,61624
Snakebite Case,2024-02-23,0.159,58334
Snakebite Case,2024-02-24,0.159,51930
Snakebite Case,2024-02-25,0.166,59222
Snakebite Case,2024-02-26,0.162,39787
Snakebite Case,2024-02-27,0.164,48543
Snakebite Case,2024-02-28,0.165,50131
Snakebite Case,2024-02-29,0.172,66519
Snakebite Case,2024-03-01,0.181,49360
Snakebite Case,2024-03-02,0.184,53686
Snakebite Case,2024-03-03,0.183,41227
Snakebite Case,2024-03-04,0.182,40719
Snakebite Case,2024-03-05,0.178,43574
Snakebite Case,2024-03-06,0.171,39725
Snakebite Case,2024-03-07,0.172,40743
Snakebite Case,2024-03-08,0.174,46605
Snakebite Case,2024-03-09,0.174,35444
Snakebite Case,2024-03-10,0.173,35600
Snakebite Case,2024-03-11,0.174,40281
Snakebite Case,2024-03-12,0.17,35106
Snakebite Case,2024-03-13,0.17,42800
Snakebite Case,2024-03-14,0.164,66833
Snakebite Case,2024-03-15,0.16,47402
Snakebite Case,2024-03-16,0.161,49429
Snakebite Case,2024-03-17,0.165,44094
Snakebite Case,2024-03-18,0.165,35283
Snakebite Case,2024-03-19,0.166,36146
Snakebite Case,2024-03-20,0.164,40698
Snakebite Case,2024-03-21,0.156,46966
Snakebite Case,2024-03-22,0.164,30852
Snakebite Case,2024-03-23,0.162,30741
Snakebite Case,2024-03-24,0.164,33655
Snakebite Case,2024-03-25,0.169,33803
Snakebite Case,2024-03-26,0.17,32193
Snakebite Case,2024-03-27,0.169,35360
Snakebite Case,2024-03-28,0.172,29015
Snakebite Case,2024-03-29,0.178,38676
Snakebite Case,2024-03-30,0.18,31902
Snakebite Case,2024-03-31,0.179,31167
Snakebite Case,2024-04-01,0.181,37139
Snakebite Case,2024-04-02,0.185,44543
Snakebite Case,2024-04-03,0.184,40221
Snakebite Case,2024-04-04,0.184,39951
Snakebite Case,2024-04-05,0.188,55933
Snakebite Case,2024-04-06,0.187,34729
Snakebite Case,2024-04-07,0.186,34288
Snakebite Case,2024-04-08,0.187,29337
Snakebite Case,2024-04-09,0.187,33506
Snakebite Case,2024-04-10,0.184,32448
Snakebite Case,2024-04-11,0.183,31917
Snakebite Case,2024-04-12,0.184,29770
Snakebite Case,2024-04-13,0.183,28283
Snakebite Case,2024-04-14,0.183,27553
Snakebite Case,2024-04-15,0.188,31749
Snakebite Case,2024-04-16,0.191,44027
Snakebite Case,2024-04-17,0.185,33344
Snakebite Case,2024-04-18,0.184,29135
Snakebite Case,2024-04-19,0.185,34452
Snakebite Case,2024-04-20,0.187,34466
Snakebite Case,2024-04-21,0.187,46021
Snakebite Case,2024-04-22,0.188,26783
Snakebite Case,2024-04-23,0.184,20476
Snakebite Case,2024-04-24,0.186,39591
Snakebite Case,2024-04-25,0.188,31645
Snakebite Case,2024-04-26,0.186,57704
Snakebite Case,2024-04-27,0.187,51105
Snakebite Case,2024-04-28,0.187,46744
Snakebite Case,2024-04-29,0.193,36427
Snakebite Case,2024-04-30,0.196,35362
Snakebite Case,2024-05-01,0.197,37568
Snakebite Case,2024-05-02,0.199,46639
Snakebite Case,2024-05-03,0.203,62287
Snakebite Case,2024-05-04,0.201,46495
Snakebite Case,2024-05-05,0.199,31060
Snakebite Case,2024-05-06,0.197,38623
Snakebite Case,2024-05-07,0.194,27435
Snakebite Case,2024-05-08,0.194,24829
Snakebite Case,2024-05-09,0.194,21421
Snakebite Case,2024-05-10,0.192,20278
Snakebite Case,2024-05-11,0.194,22604
Snakebite Case,2024-05-12,0.195,21369
Snakebite Case,2024-05-13,0.195,26170
Snakebite Case,2024-05-14,0.186,40588
Snakebite Case,2024-05-15,0.184,18090
Snakebite Case,2024-05-16,0.182,30016
Snakebite Case,2024-05-17,0.183,23659
Snakebite Case,2024-05-18,0.181,22158
Snakebite Case,2024-05-19,0.177,26683
Snakebite Case,2024-05-20,0.174,41568
Snakebite Case,2024-05-21,0.167,44677
Snakebite Case,2024-05-22,0.16,77123
Snakebite Case,2024-05-23,0.158,40458
Snakebite Case,2024-05-24,0.161,42254
Snakebite Case,2024-05-25,0.165,39384
Snakebite Case,2024-05-26,0.164,38429
Snakebite Case,2024-05-27,0.164,32695
Snakebite Case,2024-05-28,0.159,44773
Snakebite Case,2024-05-29,0.157,28678
Snakebite Case,2024-05-30,0.169,22978
Snakebite Case,2024-05-31,0.167,27338
Snakebite Case,2024-06-01,0.157,49691
Snakebite Case,2024-06-02,0.157,49293
Snakebite Case,2024-06-03,0.164,18987
Snakebite Case,2024-06-04,0.165,18823
Snakebite Case,2024-06-05,0.168,24960
Snakebite Case,2024-06-06,0.168,22668
Snakebite Case,2024-06-07,0.176,31032
Snakebite Case,2024-06-08,0.165,52382
Snakebite Case,2024-06-09,0.164,30880
Snakebite Case,2024-06-10,0.163,28180
Snakebite Case,2024-06-11,0.16,34954
Snakebite Case,2024-06-12,0.157,27964
Snakebite Case,2024-06-13,0.154,25239
Snakebite Case,2024-06-14,0.152,29991
Snakebite Case,2024-06-15,0.153,23725
Snakebite Case,2024-06-16,0.153,23658
Snakebite Case,2024-06-17,0.152,24207
Snakebite Case,2024-06-18,0.15,33036
Snakebite Case,2024-06-19,0.15,25373
Snakebite Case,2024-06-20,0.149,24004
Snakebite Case,2024-06-21,0.148,24283
Snakebite Case,2024-06-22,0.146,18452
Snakebite Case,2024-06-23,0.148,25647
Snakebite Case,2024-06-24,0.145,27653
Snakebite Case,2024-06-25,0.146,21981
Snakebite Case,2024-06-26,0.144,31958
Snakebite Case,2024-06-27,0.145,34893
Snakebite Case,2024-06-28,0.141,30493
Snakebite Case,2024-06-29,0.139,25310
Snakebite Case,2024-06-30,0.138,27625
Snakebite Case,2024-07-01,0.139,19635
Snakebite Case,2024-07-02,0.138,24806
Snakebite Case,2024-07-03,0.137,22005
Snakebite Case,2024-07-04,0.14,22867
Snakebite Case,2024-07-05,0.139,21582
Snakebite Case,2024-07-06,0.139,21787
Snakebite Case,2024-07-07,0.14,35169
Snakebite Case,2024-07-08,0.138,24920
Snakebite Case,2024-07-09,0.139,26872
Snakebite Case,2024-07-10,0.138,37279
Snakebite Case,2024-07-11,0.137,36855
Snakebite Case,2024-07-12,0.139,22421
Snakebite Case,2024-07-13,0.138,20758
Snakebite Case,2024-07-14,0.137,19980
Snakebite Case,2024-07-15,0.14,13575
Snakebite Case,2024-07-16,0.137,13615
Snakebite Case,2024-07-17,0.139,15400
Snakebite Case,2024-07-18,0.136,13327
Snakebite Case,2024-07-19,0.135,16007
Snakebite Case,2024-07-20,0.133,23360
Snakebite Case,2024-07-21,0.133,13626
Snakebite Case,2024-07-22,0.134,18078
Snakebite Case,2024-07-23,0.139,19124
Snakebite Case,2024-07-24,0.139,20647
Snakebite Case,2024-07-25,0.137,23980
Snakebite Case,2024-07-26,0.139,17634
Snakebite Case,2024-07-27,0.141,20786
Snakebite Case,2024-07-28,0.14,19842
Snakebite Case,2024-07-29,0.14,21242
Snakebite Case,2024-07-30,0.14,15810
Snakebite Case,2024-07-31,0.137,16556
Snakebite Case,2024-08-01,0.142,16124
Snakebite Case,2024-08-02,0.138,22480
Snakebite Case,2024-08-03,0.14,16665
Snakebite Case,2024-08-04,0.141,21381
Snakebite Case,2024-08-05,0.144,15591
Snakebite Case,2024-08-06,0.142,16772
Snakebite Case,2024-08-07,0.143,16595
Snakebite Case,2024-08-08,0.142,17048
Snakebite Case,2024-08-09,0.144,18221
Snakebite Case,2024-08-10,0.147,20582
Snakebite Case,2024-08-11,0.146,29068
Snakebite Case,2024-08-12,0.149,20609
Snakebite Case,2024-08-13,0.149,15781
Snakebite Case,2024-08-14,0.148,22674
Snakebite Case,2024-08-15,0.151,26894
Snakebite Case,2024-08-16,0.15,25762
Snakebite Case,2024-08-17,0.152,30065
Snakebite Case,2024-08-18,0.152,31653
Snakebite Case,2024-08-19,0.151,54019
Snakebite Case,2024-08-20,0.15,36436
Snakebite Case,2024-08-21,0.152,42267
Snakebite Case,2024-08-22,0.152,34251
Snakebite Case,2024-08-23,0.151,34950
Snakebite Case,2024-08-24,0.153,19926
Snakebite Case,2024-08-25,0.15,29101
Snakebite Case,2024-08-26,0.151,18152
Snakebite Case,2024-08-27,0.155,19266
Snakebite Case,2024-08-28,0.157,19882
Snakebite Case,2024-08-29,0.16,39415
Snakebite Case,2024-08-30,0.16,30499
Snakebite Case,2024-08-31,0.162,26555
Snakebite Case,2024-09-01,0.161,26237
Snakebite Case,2024-09-02,0.175,47075
Snakebite Case,2024-09-03,0.18,33939
Snakebite Case,2024-09-04,0.177,32127
Snakebite Case,2024-09-05,0.176,20515
Snakebite Case,2024-09-06,0.177,37830
Snakebite Case,2024-09-07,0.182,27996
Snakebite Case,2024-09-08,0.186,29442
Snakebite Case,2024-09-09,0.187,31256
Snakebite Case,2024-09-10,0.184,20412
Snakebite Case,2024-09-11,0.189,45071
Snakebite Case,2024-09-12,0.191,45157
Snakebite Case,2024-09-13,0.192,28822
Snakebite Case,2024-09-14,0.193,28393
Snakebite Case,2024-09-15,0.194,29655
Snakebite Case,2024-09-16,0.196,42325
Snakebite Case,2024-09-17,0.199,32477
Snakebite Case,2024-09-18,0.201,47243
Snakebite Case,2024-09-19,0.203,38159
Snakebite Case,2024-09-20,0.198,30852
Snakebite Case,2024-09-21,0.196,28601
Snakebite Case,2024-09-22,0.192,36472
Snakebite Case,2024-09-23,0.196,35504
Snakebite Case,2024-09-24,0.2,35603
Snakebite Case,2024-09-25,0.208,44967
Snakebite Case,2024-09-26,0.202,23744
Snakebite Case,2024-09-27,0.202,26557
Snakebite Case,2024-09-28,0.199,28244
Snakebite Case,2024-09-29,0.2,20455
Snakebite Case,2024-09-30,0.2,19337
Snakebite Case,2024-10-01,0.203,29596
Snakebite Case,2024-10-02,0.201,34647
Snakebite Case,2024-10-03,0.172,93179
Snakebite Case,2024-10-04,0.177,35859
Snakebite Case,2024-10-05,0.179,24169
Snakebite Case,2024-10-06,0.177,21977
Snakebite Case,2024-10-07,0.179,17347
Snakebite Case,2024-10-08,0.172,15190
Snakebite Case,2024-10-09,0.17,18766
Snakebite Case,2024-10-10,0.17,23480
Snakebite Case,2024-10-11,0.166,25103
Snakebite Case,2024-10-12,0.168,26417
Snakebite Case,2024-10-13,0.176,20300
Snakebite Case,2024-10-14,0.179,21817
Snakebite Case,2024-10-15,0.176,17117
Snakebite Case,2024-10-16,0.177,16503
Snakebite Case,2024-10-17,0.175,21394
Snakebite Case,2024-10-18,0.174,18933
Snakebite Case,2024-10-19,0.18,24589
Snakebite Case,2024-10-20,0.183,22178
Snakebite Case,2024-10-21,0.186,26846
Snakebite Case,2024-10-22,0.188,30594
Snakebite Case,2024-10-23,0.191,24420
Snakebite Case,2024-10-24,0.192,23686
Snakebite Case,2024-10-25,0.195,25511
Snakebite Case,2024-10-26,0.198,32136
Snakebite Case,2024-10-27,0.199,19023
Snakebite Case,2024-10-28,0.204,23389
Snakebite Case,2024-10-29,0.206,36565
Snakebite Case,2024-10-30,0.22,54871
Snakebite Case,2024-10-31,0.231,37843
Snakebite Case,2024-11-01,0.239,38605
Snakebite Case,2024-11-02,0.24,32361
Snakebite Case,2024-11-03,0.239,31732
Snakebite Case,2024-11-04,0.238,25513
Snakebite Case,2024-11-05,0.236,17659
Snakebite Case,2024-11-06,0.232,21708
Snakebite Case,2024-11-07,0.222,22563
Snakebite Case,2024-11-08,0.218,25170
Snakebite Case,2024-11-09,0.213,24005
Snakebite Case,2024-11-10,0.209,23664
Snakebite Case,2024-11-11,0.202,21651
Snakebite Case,2024-11-12,0.196,14957
Snakebite Case,2024-11-13,0.2,21669
Snakebite Case,2024-11-14,0.198,17634
Snakebite Case,2024-11-15,0.198,18958
Snakebite Case,2024-11-16,0.2,21564
Snakebite Case,2024-11-17,0.2,21148
Snakebite Case,2024-11-18,0.199,23538
Snakebite Case,2024-11-19,0.198,19174
Snakebite Case,2024-11-20,0.198,20114
Snakebite Case,2024-11-21,0.194,18341
Snakebite Case,2024-11-22,0.195,21319
Snakebite Case,2024-11-23,0.191,19092
Snakebite Case,2024-11-24,0.191,19104
Snakebite Case,2024-11-25,0.193,17040
Snakebite Case,2024-11-26,0.196,19117
Snakebite Case,2024-11-27,0.198,27481
Snakebite Case,2024-11-28,0.193,40798
Snakebite Case,2024-11-29,0.194,28538
Snakebite Case,2024-11-30,0.197,21565
Snakebite Case,2024-12-01,0.198,25651
Snakebite Case,2024-12-02,0.2,19944
Snakebite Case,2024-12-03,0.2,21703
Snakebite Case,2024-12-04,0.198,15842
Snakebite Case,2024-12-05,0.202,15384
Snakebite Case,2024-12-06,0.205,19054
Snakebite Case,2024-12-07,0.206,19765
Snakebite Case,2024-12-08,0.206,17267
Snakebite Case,2024-12-09,0.206,13187
Snakebite Case,2024-12-10,0.205,15342
Snakebite Case,2024-12-11,0.204,15428
Snakebite Case,2024-12-12,0.205,15514
Snakebite Case,2024-12-13,0.201,13519
Snakebite Case,2024-12-14,0.202,16621
Snakebite Case,2024-12-15,0.202,19788
Snakebite Case,2024-12-16,0.202,18507
Snakebite Case,2024-12-17,0.198,14466
Snakebite Case,2024-12-18,0.195,17748
Snakebite Case,2024-12-19,0.194,19410
Snakebite Case,2024-12-20,0.19,22682
Snakebite Case,2024-12-21,0.191,20855
Snakebite Case,2024-12-22,0.192,18930
Snakebite Case,2024-12-23,0.192,24380
Snakebite Case,2024-12-24,0.193,19372
Snakebite Case,2024-12-25,0.195,31303
Snakebite Case,2024-12-26,0.198,26159
Snakebite Case,2024-12-27,0.2,19637
Snakebite Case,2024-12-28,0.199,19239
Snakebite Case,2024-12-29,0.199,21889
Snakebite Case,2024-12-30,0.203,20071
Snakebite Case,2024-12-31,0.206,27626
Snakebite Case,2025-01-01,0.209,30702
Snakebite Case,2025-01-02,0.212,25762
Snakebite Case,2025-01-03,0.214,25382
Snakebite Case,2025-01-04,0.22,30815
Snakebite Case,2025-01-05,0.228,31722
Snakebite Case,2025-01-06,0.225,27650
Snakebite Case,2025-01-07,0.232,24697
Snakebite Case,2025-01-08,0.237,40580
Snakebite Case,2025-01-09,0.254,46643
Snakebite Case,2025-01-10,0.263,33639
Snakebite Case,2025-01-11,0.261,37158
Snakebite Case,2025-01-12,0.262,42042
Snakebite Case,2025-01-13,0.256,26180
Snakebite Case,2025-01-14,0.243,19004
Snakebite Case,2025-01-15,0.241,26365
Snakebite Case,2025-01-16,0.243,20729
Snakebite Case,2025-01-17,0.244,19926
Snakebite Case,2025-01-18,0.242,21448
Snakebite Case,2025-01-19,0.241,29304
Snakebite Case,2025-01-20,0.24,32546
Snakebite Case,2025-01-21,0.24,23074
Snakebite Case,2025-01-22,0.244,23238
Snakebite Case,2025-01-23,0.247,20778
Snakebite Case,2025-01-24,0.245,19006
Snakebite Case,2025-01-25,0.247,33156
Snakebite Case,2025-01-26,0.247,24948
Snakebite Case,2025-01-27,0.252,23552
Snakebite Case,2025-01-28,0.256,22640
Snakebite Case,2025-01-29,0.255,23479
Snakebite Case,2025-01-30,0.252,21014
Snakebite Case,2025-01-31,0.257,27498
Snakebite Case,2025-02-01,0.264,28087
Snakebite Case,2025-02-02,0.274,39925
Snakebite Case,2025-02-03,0.291,23888
Snakebite Case,2025-02-04,0.288,21321
Snakebite Case,2025-02-05,0.296,32790
Snakebite Case,2025-02-06,0.296,32215
Snakebite Case,2025-02-07,0.296,26670
Snakebite Case,2025-02-08,0.297,26244
Snakebite Case,2025-02-09,0.296,25455
Snakebite Case,2025-02-10,0.298,22996
Snakebite Case,2025-02-11,0.297,28336
Snakebite Case,2025-02-12,0.297,23053
Snakebite Case,2025-02-13,0.295,26291
Snakebite Case,2025-02-14,0.298,35710
Snakebite Case,2025-02-15,0.301,31561
Snakebite Case,2025-02-16,0.304,33338
Snakebite Case,2025-02-17,0.308,25729
Snakebite Case,2025-02-18,0.305,25724
Snakebite Case,2025-02-19,0.305,27259
Snakebite Case,2025-02-20,0.305,36452
Snakebite Case,2025-02-21,0.308,44586
Snakebite Case,2025-02-22,0.315,36340
Snakebite Case,2025-02-23,0.347,57907
Snakebite Case,2025-02-24,0.358,38173
Snakebite Case,2025-02-25,0.357,36527
Snakebite Case,2025-02-26,0.352,29638
Snakebite Case,2025-02-27,0.349,29031
Snakebite Case,2025-02-28,0.341,27626
Snakebite Case,2025-03-01,0.347,37928
Snakebite Case,2025-03-02,0.341,34267
Snakebite Case,2025-03-03,0.327,39860
Snakebite Case,2025-03-04,0.326,27841
Snakebite Case,2025-03-05,0.32,29207
Snakebite Case,2025-03-06,0.32,27693
Snakebite Case,2025-03-07,0.317,30136
Snakebite Case,2025-03-08,0.32,36054
Snakebite Case,2025-03-09,0.313,35005
Snakebite Case,2025-03-10,0.302,30460
Snakebite Case,2025-03-11,0.295,31340
Snakebite Case,2025-03-12,0.292,37075
Snakebite Case,2025-03-13,0.285,29883
Snakebite Case,2025-03-14,0.274,34142
Snakebite Case,2025-03-15,0.279,36913
Snakebite Case,2025-03-16,0.289,35612
Snakebite Case,2025-03-17,0.291,25847
Snakebite Case,2025-03-18,0.291,21727
Snakebite Case,2025-03-19,0.288,23550
Snakebite Case,2025-03-20,0.277,27271
Snakebite Case,2025-03-21,0.275,29602
Snakebite Case,2025-03-22,0.274,43549
Snakebite Case,2025-03-23,0.277,32591
Snakebite Case,2025-03-24,0.278,25396
Snakebite Case,2025-03-25,0.28,25533
Snakebite Case,2025-03-26,0.278,25517
Snakebite Case,2025-03-27,0.274,22822
Snakebite Case,2025-03-28,0.276,24032
Snakebite Case,2025-03-29,0.278,30593
Snakebite Case,2025-03-30,0.281,30494
Snakebite Case,2025-03-31,0.28,24034
Snakebite Case,2025-04-01,0.267,36218
Snakebite Case,2025-04-02,0.273,27204
Snakebite Case,2025-04-03,0.276,17369
Snakebite Case,2025-04-04,0.276,24248
Snakebite Case,2025-04-05,0.274,26019
Snakebite Case,2025-04-06,0.272,20542
Snakebite Case,2025-04-07,0.274,18435
Snakebite Case,2025-04-08,0.271,20492
Snakebite Case,2025-04-09,0.271,20110
Snakebite Case,2025-04-10,0.275,17918
Snakebite Case,2025-04-11,0.278,26976
Snakebite Case,2025-04-12,0.283,22954
Snakebite Case,2025-04-13,0.288,23374
Snakebite Case,2025-04-14,0.287,18589
Snakebite Case,2025-04-15,0.29,19585
Snakebite Case,2025-04-16,0.295,21134
Snakebite Case,2025-04-17,0.3,20283
Snakebite Case,2025-04-18,0.299,17830
Snakebite Case,2025-04-19,0.301,17530
Snakebite Case,2025-04-20,0.307,25615
Snakebite Case,2025-04-21,0.311,17834
Snakebite Case,2025-04-22,0.306,18242
Snakebite Case,2025-04-23,0.29,15342
Snakebite Case,2025-04-24,0.285,20905
Snakebite Case,2025-04-25,0.289,21245
Snakebite Case,2025-04-26,0.288,18615
Snakebite Case,2025-04-27,0.298,19896
Snakebite Case,2025-04-28,0.302,16913
Snakebite Case,2025-04-29,0.298,21865
Snakebite Case,2025-04-30,0.304,24279
Snakebite Case,2025-05-01,0.309,22039
Snakebite Case,2025-05-02,0.321,34293
Snakebite Case,2025-05-03,0.339,33071
Snakebite Case,2025-05-04,0.37,49612
Snakebite Case,2025-05-05,0.372,36779
Snakebite Case,2025-05-06,0.373,34596
Snakebite Case,2025-05-07,0.36,25244
Snakebite Case,2025-05-08,0.36,25864
Snakebite Case,2025-05-09,0.355,24849
Snakebite Case,2025-05-10,0.357,22649
Snakebite Case,2025-05-11,0.361,20126
Snakebite Case,2025-05-12,0.361,23287
Snakebite Case,2025-05-13,0.358,19967
Snakebite Case,2025-05-14,0.362,19447
Snakebite Case,2025-05-15,0.363,19055
Snakebite Case,2025-05-16,0.363,23154
Snakebite Case,2025-05-17,0.365,25755
Snakebite Case,2025-05-18,0.372,27755
Snakebite Case,2025-05-19,0.381,17360
Snakebite Case,2025-05-20,0.379,23020
Snakebite Case,2025-05-21,0.381,22133
Snakebite Case,2025-05-22,0.384,18232
Snakebite Case,2025-05-23,0.369,31448
Snakebite Case,2025-05-24,0.368,20807
Snakebite Case,2025-05-25,0.37,22417
Snakebite Case,2025-05-26,0.371,20398
Snakebite Case,2025-05-27,0.375,16351
Snakebite Case,2025-05-28,0.379,21954
Snakebite Case,2025-05-29,0.386,22961
Snakebite Case,2025-05-30,0.397,35080
Snakebite Case,2025-05-31,0.423,38428
Snakebite Case,2025-06-01,0.452,35941
Snakebite Case,2025-06-02,0.469,33458
Snakebite Case,2025-06-03,0.485,28666
Snakebite Case,2025-06-04,0.476,22753
Snakebite Case,2025-06-05,0.476,22394
Snakebite Case,2025-06-06,0.462,16578
Snakebite Case,2025-06-07,0.468,19038
Snakebite Case,2025-06-08,0.481,22412
Snakebite Case,2025-06-09,0.473,17519
Snakebite Case,2025-06-10,0.472,19815
Snakebite Case,2025-06-11,0.469,23190
Snakebite Case,2025-06-12,0.464,20490
Snakebite Case,2025-06-13,0.46,22875
Snakebite Case,2025-06-14,0.457,18451
Snakebite Case,2025-06-15,0.459,18386
Snakebite Case,2025-06-16,0.458,16486
Snakebite Case,2025-06-17,0.453,20094
Snakebite Case,2025-06-18,0.46,19725
Snakebite Case,2025-06-19,0.466,21287
Snakebite Case,2025-06-20,0.472,22741
Snakebite Case,2025-06-21,0.475,21137
Snakebite Case,2025-06-22,0.472,20121
Snakebite Case,2025-06-23,0.47,20283
Snakebite Case,2025-06-24,0.479,18195
Snakebite Case,2025-06-25,0.48,17910
Snakebite Case,2025-06-26,0.482,21313
Snakebite Case,2025-06-27,0.487,20517
Snakebite Case,2025-06-28,0.492,18644
Snakebite Case,2025-06-29,0.521,36257
Snakebite Case,2025-06-30,0.559,24715
Snakebite Case,2025-07-01,0.585,27509
Snakebite Case,2025-07-02,0.61,34240
Snakebite Case,2025-07-03,0.613,36694
Snakebite Case,2025-07-04,0.644,29998
Snakebite Case,2025-07-05,0.656,34032
Snakebite Case,2025-07-06,0.683,32794
Snakebite Case,2025-07-07,0.684,23760
Snakebite Case,2025-07-08,0.644,25813
Snakebite Case,2025-07-09,0.634,23714
Snakebite Case,2025-07-10,0.634,21097
Snakebite Case,2025-07-11,0.661,23870
Snakebite Case,2025-07-12,0.686,30385
Snakebite Case,2025-07-13,0.687,25925
Snakebite Case,2025-07-14,0.677,23659
Snakebite Case,2025-07-15,0.675,22484
Snakebite Case,2025-07-16,0.675,27343
Snakebite Case,2025-07-17,0.651,23852
Snakebite Case,2025-07-18,0.669,29247
Snakebite Case,2025-07-19,0.696,38596
Snakebite Case,2025-07-20,0.726,31794
Snakebite Case,2025-07-21,0.704,34026
Snakebite Case,2025-07-22,0.691,24702
Snakebite Case,2025-07-23,0.679,21212
Snakebite Case,2025-07-24,0.688,24781
Snakebite Case,2025-07-25,0.69,20860
Snakebite Case,2025-07-26,0.697,20675
Snakebite Case,2025-07-27,0.686,21450
Snakebite Case,2025-07-28,0.677,26196
Snakebite Case,2025-07-29,0.67,21235
Snakebite Case,2025-07-30,0.657,23506
Snakebite Case,2025-07-31,0.657,24947
Snakebite Case,2025-08-01,0.663,26707
Snakebite Case,2025-08-02,0.668,29433
Snakebite Case,2025-08-03,0.681154,27258
Snakebite Case,2025-08-04,0.678807,21238
Snakebite Case,2025-08-05,0.674889,17704
Snakebite Case,2025-08-06,0.674074,21970
Snakebite Case,2025-08-07,0.67486,19882
Snakebite Case,2025-08-08,0.678948,18909
Snakebite Case,2025-08-09,0.677771,18419
Snakebite Case,2025-08-10,0.676197,16615
Snakebite Case,2025-08-11,0.683069,13905
Snakebite Case,2025-08-12,0.682778,14207
Snakebite Case,2025-08-13,0.681522,19203
Snakebite Case,2025-08-14,0.69277,17377
Snakebite Case,2025-08-15,0.689279,20336
Snakebite Case,2025-08-16,0.69187,15017
Snakebite Case,2025-08-17,0.69678,19279
Snakebite Case,2025-08-18,0.696027,18554
Snakebite Case,2025-08-19,0.699834,16867
Snakebite Case,2025-08-20,0.697733,19739
Snakebite Case,2025-08-21,0.692118,17233
Snakebite Case,2025-08-22,0.694369,19992
Snakebite Case,2025-08-23,0.696314,19809
Snakebite Case,2025-08-24,0.687901,18064
Snakebite Case,2025-08-25,0.678863,15053
Snakebite Case,2025-08-26,0.682121,17641
Snakebite Case,2025-08-27,0.678534,20658
Snakebite Case,2025-08-28,0.681413,18813
Snakebite Case,2025-08-29,0.682437,23109
Snakebite Case,2025-08-30,0.688426,18570
Snakebite Case,2025-08-31,0.68267,17638
Snakebite Case,2025-09-01,0.680106,19449
Snakebite Case,2025-09-02,0.677291,15299
Snakebite Case,2025-09-03,0.682804,9533
